id,first_name,middle_name,last_name,email,dob,age,gender,status,terms_accepted,terms_accepted_at,address_street,address_city,address_state,address_zip,phone
ykpdo5km,Albin,Lexus,Heller,Tyson.Doyle@gmail.com,1963-04-15,55,male,active,1,2017-05-11T18:14:05.355Z,60597 Roslyn Pass,Nickborough,Minnesota,68605,1-575-176-1796
td1ir7k3,Toni,Brendan,Leffler,Werner0@gmail.com,1964-10-19,53,female,active,1,2017-08-24T14:56:46.834Z,99813 Kyra Orchard,Port Myrna,Missouri,85856,105-073-3511 x326
l8fgw2b4,Christian,Ocie,Pouros,Giovanna_Schmeler@yahoo.com,1987-08-26,30,male,inactive,1,2017-08-30T03:32:40.151Z,3062 Adams Lakes,Cristshire,Delaware,51678,(817) 818-4278
k0fxgg7n,Rae,Kathryne,Pacocha,Henry_Wiegand95@hotmail.com,2000-01-27,18,male,inactive,1,2017-06-02T09:22:16.864Z,2455 Barrows Plaza,West Ferne,Idaho,69702,(196) 463-7998 x886
3bz5c4hk,Deshawn,Ian,Kling,Jordan88@hotmail.com,1975-07-27,42,male,inactive,0,,618 Koch Road,West Leonor,Alaska,36752-1067,1-986-686-6699 x10401
l0av6k4w,Tristian,Vesta,Hermann,Nolan_Lesch15@yahoo.com,1997-07-27,20,male,active,0,,324 Schaefer Ports,Demarcushaven,Arkansas,79129,297-550-4099 x622
s3jp39iw,Anderson,Erik,Bahringer,Annette52@gmail.com,1994-11-19,23,male,active,1,2017-09-15T06:55:29.962Z,0840 Alta Estate,New Albert,Tennessee,60000,503.168.1386 x605
jjnnw115,Alek,Marilou,Herman,Porter.Leffler39@hotmail.com,2011-11-07,6,female,active,0,,246 Maxwell Via,New Joannyfurt,California,81350-1152,1-215-654-1092 x03282
3tsiljhr,Travon,Alexanne,Collins,Flo57@hotmail.com,2002-08-19,15,female,active,0,,1011 Block Plaza,Mooreview,Alaska,38241-8966,(528) 821-2549
3wro0y23,Rylee,Noel,Muller,Dino_Buckridge@gmail.com,1987-10-18,30,male,inactive,0,,7567 Kertzmann Route,Libbiefort,North Carolina,88999-3502,(931) 846-0639
s6km7rcp,Gillian,Frederique,Gulgowski,Larissa_Stokes15@gmail.com,1997-08-14,20,female,inactive,0,,0488 Miguel Land,Port Stellatown,West Virginia,69598,220.999.2088
pow66ko3,Name,Lester,Sawayn,Janae.Wintheiser@yahoo.com,1995-06-11,22,male,inactive,0,,9175 Issac Stream,Jarrodborough,New Jersey,36198,1-616-945-0157 x5862
nyqmp2up,Jena,Peter,Kemmer,Harmon.Cole@gmail.com,1987-08-10,30,male,active,1,2017-05-15T00:25:18.817Z,42963 Bennett Extensions,Abshireborough,West Virginia,59706,741-703-2846 x6370
yfhxpoaj,Hilda,June,Bartoletti,Ernie.Bruen@yahoo.com,1999-04-16,19,female,active,0,,15467 Rita Way,New Tod,Nebraska,07240-7069,085.465.3824
8601b0zo,Sharon,Bonnie,Barton,Otha_Miller@hotmail.com,2001-07-11,16,female,inactive,1,2017-05-28T11:09:35.179Z,131 Rolfson Vista,New Kaleigh,Maryland,01451,741.882.8699
nidzutys,Nathen,Nella,Stark,Jena28@yahoo.com,1997-05-05,21,male,inactive,0,,81864 Helena Pines,Goldnerchester,Alabama,16184-6697,(732) 186-6132
0rix8scv,Jermey,Anderson,Goodwin,Jonas.Bahringer49@yahoo.com,1992-10-03,25,female,inactive,0,,6078 Rosie Junctions,North Vestaland,Nebraska,40747,(777) 636-3949
9f4nbz17,Candelario,Jeanne,Wunsch,Cayla_Willms0@gmail.com,1959-03-14,59,female,active,0,,002 Ferry River,Lake Eric,Massachusetts,05742-8155,1-377-015-8094
whcoeykn,Felicity,Santa,Anderson,Naomie0@hotmail.com,1962-08-22,55,female,active,1,2017-08-28T14:49:02.968Z,72742 Sauer Knolls,Charlotteville,Mississippi,33155-5932,664-056-2404 x61086
u7c1iyrz,Keira,Doug,McDermott,Titus_Morar@hotmail.com,1983-06-14,34,female,inactive,0,,78635 Quinton Shoals,Abshireville,Maine,22630-2713,837.680.8797
gcujck7k,Landen,Savion,Tillman,Reba_Dickens@gmail.com,2012-07-08,5,male,active,1,2017-09-20T11:23:01.186Z,4854 Stracke Ranch,Bernhardtown,Michigan,34018,915-888-7217 x30526
it0aeati,Aiyana,Alvina,Brown,Edward_Schmeler@yahoo.com,1979-07-02,38,male,inactive,0,,0741 Reichel Drive,Mayaville,Alabama,27110,902-280-1177 x512
kdw5abqp,Stephen,Chelsea,Barton,Abdiel79@yahoo.com,1985-07-22,32,male,active,1,2018-01-13T17:59:35.739Z,540 Skylar Ville,West Kaydenbury,Massachusetts,19412-7584,(220) 617-4415 x4769
rxw3t9po,Cecil,Arielle,Schowalter,Makayla_Wilderman@hotmail.com,1981-06-27,36,female,inactive,0,,81439 Idell River,Quitzonville,Nevada,31214-7723,1-647-775-6346
632h84bt,Alexis,Abner,Langosh,Arlo_Leuschke93@yahoo.com,1961-09-02,56,male,active,0,,5606 Watsica Manors,Hilllmouth,North Carolina,56906,1-498-386-5087
rupgcwhn,Bulah,Moshe,Shanahan,Toney41@gmail.com,1974-09-01,43,female,active,0,,35600 Cleta Walks,North Rickey,Wisconsin,84646,(873) 165-7051 x2866
ds8n31ts,Selena,Ara,Wehner,Sim49@yahoo.com,1990-08-06,27,male,inactive,1,2017-10-21T09:26:56.284Z,676 Keeling Wells,Binsland,Colorado,83922,1-175-955-0226 x857
25wrb1hx,Bryana,Modesta,Oberbrunner,Braeden.Hoeger88@gmail.com,2009-09-10,8,female,active,0,,81539 Clemmie Radial,Bradtkeshire,New Mexico,98158,528.666.8104 x398
ppt4ngwk,Lester,Harmony,Hagenes,Grover.Glover56@hotmail.com,2002-12-09,15,female,active,0,,1707 Joyce Mission,South Raymond,Montana,43775,1-133-953-8710 x88103
0i3t7zh3,Sedrick,Darrell,Harber,Bethel41@yahoo.com,2003-01-25,15,male,active,0,,723 Hilpert Loop,South Lailaside,South Dakota,78531-2776,416.570.7255
pp6m7cts,Mateo,Tod,Stark,Kraig37@yahoo.com,1962-11-07,55,female,active,1,2017-10-08T22:33:29.469Z,9949 Jaskolski Flat,South Zackarytown,Montana,92177,812-689-4458 x157
k8sj3le1,Pattie,Shanelle,Funk,Sandra.Mitchell@hotmail.com,1972-10-16,45,male,inactive,1,2017-10-24T13:20:34.344Z,8515 Weber Point,Jastchester,Nevada,82846-2740,493-557-4179 x1936
aqrx2wjt,Keira,Bryana,Thiel,Norwood63@hotmail.com,2012-06-16,5,male,inactive,0,,547 Wyatt Centers,New Marian,Iowa,69724,157.937.2832 x39724
vec51tu4,Zane,Thora,Kilback,Thad.Kuhlman15@gmail.com,2013-07-04,4,male,active,1,2017-12-22T14:30:19.687Z,963 Karli Oval,Olsonberg,Oklahoma,00395-8306,476.396.7507 x102
meu93lm0,Aron,Haylee,Beatty,Elda.Rogahn28@gmail.com,2016-05-28,1,male,active,0,,7837 Alvah Shores,Port Chesley,Delaware,72016-6730,756-246-3124 x3179
u06gubgp,Berry,Karson,Wiegand,Elisha33@yahoo.com,2016-10-04,1,male,inactive,0,,87699 Roman Lodge,South Hallieburgh,Tennessee,96809,954-811-5198 x90079
wg6k10vk,Else,Verlie,Dietrich,Sean_Feil42@hotmail.com,2017-09-16,0,male,active,0,,731 Keely Turnpike,Veumport,Kentucky,48982-8906,336.027.5069 x1594
u2g1yc1p,Drew,Nicholaus,Gerlach,Ashleigh10@hotmail.com,1999-01-10,19,male,inactive,0,,893 Frieda Expressway,South Jermaineburgh,Arkansas,71295-9557,025.837.6024
1iwgvkqe,Alfreda,Zander,Goldner,Nils_Frami@yahoo.com,2009-12-18,8,male,active,0,,771 Monserrate Groves,Lakinport,Michigan,56000,1-375-709-7940 x2430
ieeoxfb4,Malika,Kiarra,Langworth,Kayleigh_Renner34@hotmail.com,2001-04-09,17,male,inactive,0,,19904 Aurelia Landing,Lake Cyril,Iowa,91013,092.608.3130 x70180
5r3nrspf,Barney,Jaida,Stehr,Jarrod79@gmail.com,1989-08-19,28,male,active,0,,433 Nyasia Lights,Sidneyfurt,Oregon,32880,942-397-9503
ntr7hijq,Kyra,Tyler,Abbott,Sandrine.Becker51@yahoo.com,1967-07-28,50,female,active,0,,7282 Dean Landing,Port Madge,Maine,39127-4548,(040) 483-7574 x634
eukwy6pv,Viva,Clara,Satterfield,Fritz61@hotmail.com,1996-06-27,21,female,active,0,,34916 Kaleigh Extension,Port Ednashire,Utah,75989,960.280.0011 x1948
6y5aw1az,Juvenal,Norris,Grimes,King_Ward34@gmail.com,2005-10-17,12,male,active,1,2017-10-28T20:13:42.174Z,2962 Bertrand Cliff,West Alayna,Mississippi,28383-6720,1-219-108-9984 x722
bogd3ekf,Marion,Abbey,Senger,Brianne_Wolff83@hotmail.com,2005-03-17,13,male,active,1,2017-08-25T00:46:16.824Z,63239 Ward Cliffs,Port Douglasstad,Hawaii,14572,(732) 197-1891 x683
s43dkc1c,Rahsaan,Kristopher,Lind,Paxton30@hotmail.com,1994-08-26,23,male,active,0,,8060 Hoeger Plains,Nedbury,Colorado,18510,570-621-7470 x39260
02qo4mzl,Briana,Keegan,Ullrich,Violet3@yahoo.com,1976-12-04,41,male,inactive,0,,47220 Glover Burg,Daughertyberg,New Hampshire,28108-1381,(764) 297-0222 x75190
d9smxuid,Kasandra,Kaden,Stokes,Juliet76@yahoo.com,2011-06-22,6,male,inactive,1,2017-08-05T02:46:31.680Z,260 Schmeler Ridges,New Colleenland,Hawaii,05568,664-043-2635
qjtj04oy,Eleonore,Hank,Olson,Gordon_Ledner99@yahoo.com,1977-09-24,40,female,active,0,,94741 Travis Manor,East Hayliemouth,Virginia,79518,(467) 825-9230
jq4o5fof,Josefina,Payton,Gleichner,Eliza_Pacocha32@gmail.com,2002-10-15,15,male,inactive,1,2018-04-15T23:42:51.373Z,35521 Lucas Forks,Lubowitzmouth,Montana,07414-1509,(095) 857-3614 x48420
z7dhlxt8,Osbaldo,Dena,Orn,Nestor.Wolff90@hotmail.com,2013-09-04,4,male,inactive,0,,74723 Carlie Plains,Conroymouth,New Jersey,55284,488-923-8460
seu0klx6,Karelle,Arlie,Greenfelder,Elmira.Huel@yahoo.com,2004-04-14,14,female,active,1,2018-01-25T12:47:04.573Z,229 Schmidt Heights,East Mariam,Kentucky,80927,408.637.8955 x94604
0dbzx01u,Bartholome,Erica,Botsford,Randall89@hotmail.com,2002-09-03,15,male,active,0,,93694 Jaime Squares,North Reginald,Ohio,35239-3843,1-840-551-1205
weil6hjq,Carolina,Heaven,Jenkins,Alvera6@yahoo.com,1960-06-03,57,male,active,0,,83035 Brianne Tunnel,Swiftburgh,Florida,11573-5120,(719) 010-2600
uxvwb6x6,Kameron,Lorenzo,Nader,Glenna.Rutherford95@hotmail.com,1982-02-06,36,female,active,1,2017-10-29T18:56:37.409Z,8761 Mateo Stravenue,East Zoe,Alaska,10332,448.985.9413 x8639
pzt62d0v,Julius,Shaylee,Hilpert,Kale3@yahoo.com,1980-11-22,37,female,inactive,0,,65657 Sunny Hollow,South Jaydenborough,Indiana,74423,712-960-9585 x9549
9fj8kl39,Asa,Althea,Torphy,Laverna.Krajcik@gmail.com,1997-10-26,20,male,inactive,1,2018-02-03T15:07:36.868Z,1671 Tremblay Green,South Deliatown,Kentucky,57561-3537,798-880-7016
7rocbtd2,Shany,Gunner,Kozey,Tracy.Paucek38@yahoo.com,1976-07-25,41,male,inactive,1,2018-04-27T16:16:52.596Z,5265 Paucek Freeway,Runolfssonland,California,66281,(355) 378-7693
p31xijkr,Elton,Bethel,Waelchi,Felicity54@yahoo.com,2015-12-02,2,female,inactive,1,2017-12-05T23:57:12.061Z,459 Sawayn Mountain,Torreyville,Michigan,55278,(357) 062-0275 x4449
q9u785iu,Lysanne,Ansel,Friesen,Arnaldo_Lockman@gmail.com,1998-07-25,19,female,inactive,1,2017-07-04T17:21:13.747Z,725 Sammie Stravenue,East May,Arkansas,55362,381-868-0195 x20571
f4ymse7f,Sandy,Izabella,O'Conner,Elnora65@gmail.com,2007-12-05,10,male,inactive,0,,667 Rowe Stream,Hartmannfurt,Maryland,43258,(669) 329-1215 x99924
impjgs7h,Tania,Nestor,Yundt,Tyrese.Friesen@hotmail.com,2001-12-21,16,male,active,1,2017-07-16T05:02:08.379Z,31599 Velma Track,Mayertfurt,Indiana,31060,146-003-5462 x361
1qth960v,Aidan,Quinn,Waters,Mitchell88@yahoo.com,1975-07-30,42,male,inactive,0,,3780 Destiny Pines,Wardmouth,Georgia,91359-7037,679-916-6405
qdyvzq4y,Earlene,Elenor,Yundt,Dovie75@gmail.com,1963-08-25,54,male,inactive,0,,2388 Gulgowski Junction,Port Angelicaborough,Iowa,93228-1085,269-397-5528 x416
ew427zrb,Wade,Shanelle,Paucek,Madonna69@yahoo.com,1976-04-09,42,female,active,1,2018-01-27T19:11:19.173Z,888 Parisian Center,South Leannaburgh,California,28881-3578,085-243-7644 x110
kek6qeb2,Abbigail,Wiley,Medhurst,Davin_Braun@hotmail.com,1988-11-12,29,female,inactive,0,,212 Benedict River,East Russ,Mississippi,31165,1-672-048-4353 x937
9zagc0vl,Elenor,Paolo,Ward,Fred.Boyle@yahoo.com,1967-10-15,50,female,inactive,1,2018-05-01T18:40:38.635Z,26963 Spencer Trafficway,New Bryonton,Alabama,94976-8041,844-323-9240 x5429
owyelae4,Valentin,Geovanni,Parisian,Kory88@gmail.com,2006-02-03,12,male,active,0,,9898 Gibson Drives,Abigailberg,New York,82909,(378) 851-8861
q08fsqn9,Serena,Urban,Kirlin,Nelda.Pollich@yahoo.com,2015-12-08,2,female,inactive,1,2017-11-27T16:40:43.617Z,083 German Trace,Shaynastad,Pennsylvania,38636-6685,1-163-876-9713 x3305
wncj4ssa,Kiana,Hillary,Mayer,Kris.Rowe@yahoo.com,1969-08-20,48,female,active,1,2018-01-05T06:55:42.084Z,1947 Waelchi Harbor,South Alden,Iowa,28661-3444,(762) 143-2135
bse006lk,Tess,Cheyenne,Stokes,Mariam9@yahoo.com,1966-02-23,52,female,inactive,0,,039 Aliya Mountain,Bernhardberg,Nebraska,19419-3820,1-504-317-3517 x29491
sk8ufwhi,Jalyn,Elwin,Kreiger,Amalia_Goyette59@yahoo.com,1987-07-17,30,male,inactive,1,2017-08-24T11:27:44.178Z,2463 Shanahan Cove,West Marguerite,West Virginia,56882-6768,(183) 653-5826
2czmo3pg,Kellie,Edgardo,Bailey,Jeremie_Prosacco88@hotmail.com,2012-09-28,5,male,inactive,1,2017-11-21T04:08:02.089Z,64469 Ziemann Stravenue,Buckridgeport,Michigan,63426,487.255.9169
gpw2xzp9,Cielo,Mozell,Gleichner,Maya10@gmail.com,1980-11-21,37,female,active,0,,912 Paula Mount,South Geraldine,Kentucky,69255-8874,1-603-655-1049
asb1b4ar,Leonel,Ismael,D'Amore,Kristy_Morar@yahoo.com,1970-03-11,48,male,active,1,2017-09-01T19:37:54.108Z,5471 Genevieve Rue,North Dianna,New Hampshire,85925-7448,017.906.2798 x568
p9h75z1c,Gerard,Armando,Leannon,Vivienne.Kuhlman32@yahoo.com,1976-04-25,42,female,inactive,1,2017-12-26T12:42:25.713Z,39422 Brice Manor,North Merritt,Idaho,37969,049.705.0567
qnfx7gn3,Luther,Watson,Flatley,Arne.Cremin@hotmail.com,2012-11-04,5,female,inactive,0,,5826 Wilkinson Field,Walterburgh,Wisconsin,95635,(151) 262-8923 x5263
s99cbn5k,Bianka,Esta,Goldner,Kathryn_Muller80@yahoo.com,1963-09-20,54,male,inactive,0,,017 Reinger Shore,Patsyton,Washington,46215,489-403-6576 x705
7utfv3cg,Rocio,Jason,Johnson,Angel.Bartell36@yahoo.com,1993-08-28,24,male,active,0,,539 Stone Cove,East Hunterbury,North Dakota,12090,(910) 428-7988 x00875
ezt4nz38,Clark,Andrew,Price,Rey58@gmail.com,2009-02-27,9,male,active,0,,5574 Goodwin Drive,Chanceport,Nevada,08475,1-889-126-0414
d00cxjyy,Lexie,Concepcion,Conn,Dorcas75@gmail.com,1996-06-08,21,male,inactive,0,,0845 Sigurd Center,East Cathyview,Tennessee,39999,1-171-643-8765 x82981
k8ybp08d,Maud,Myrna,Thiel,Adrianna24@yahoo.com,1985-05-30,32,female,active,0,,282 Franco Shores,Madonnafurt,New York,25873-8905,179.817.6605
gm3h8ql3,Tavares,Hortense,Stehr,Abagail18@gmail.com,1996-01-20,22,male,active,0,,7259 Crist Run,Jacobsstad,Vermont,99470-6431,479.121.2078 x99024
10w4f9fi,Estelle,Emely,Botsford,Ernesto.Torphy@yahoo.com,2004-02-25,14,male,active,0,,5235 Dorthy Meadow,Demarcusstad,Pennsylvania,70463-2952,033-898-5793
doe8udjz,Dejuan,Delphia,Schuster,Edwardo.Abshire89@hotmail.com,1961-12-11,56,female,active,1,2017-05-18T09:53:22.054Z,6357 Corwin Hollow,Port Lucious,New Hampshire,96430-9900,1-265-337-9809 x490
mxvv62yn,Norberto,Triston,Botsford,Yasmeen.Harber59@yahoo.com,2002-11-13,15,male,active,1,2017-09-29T15:30:01.350Z,9752 Bahringer Skyway,Jalenchester,West Virginia,62815,1-220-308-3847 x8197
f8nkcxyy,Shyanne,Zackary,Pagac,Heath_Runte15@gmail.com,1989-03-24,29,male,inactive,0,,2709 Barrows Estate,Kuphalchester,Minnesota,97216,1-136-162-0525 x3208
4rfvtzo5,Niko,Angie,Predovic,Robin.Schmitt19@gmail.com,2004-04-27,14,female,active,1,2017-12-23T11:57:11.896Z,29140 Carroll Corner,Gusikowskiborough,West Virginia,76700,(937) 681-2714 x925
yj8tdv62,Dewitt,Alana,Gusikowski,Trinity_Ankunding@yahoo.com,1996-04-17,22,male,inactive,1,2017-11-08T19:03:20.251Z,89275 Armani Dam,North Janemouth,Maryland,58671-5150,929.576.7573 x03027
1mfdajwu,Ocie,Dominique,Koch,Precious.Huels70@yahoo.com,1967-10-10,50,female,active,0,,98807 Darius Vista,Assuntaberg,Wisconsin,76723-3683,931-213-5443
di5h8sgw,Elissa,Geovanni,Upton,April.Zemlak17@gmail.com,1985-06-29,32,male,inactive,0,,323 Reynold Gardens,West Wilmafurt,Maryland,65638-2014,(365) 364-9502 x12523
mx05c6th,Bret,Antonina,Swaniawski,Neal.Green@gmail.com,2014-04-25,4,male,inactive,0,,6422 Mueller Meadows,West Robb,Pennsylvania,52142-9569,733-008-7131
bh9aey48,Aylin,Jaqueline,Veum,Martina.Jacobson@yahoo.com,2016-09-03,1,male,inactive,0,,6583 McGlynn Trail,Mercedesborough,Utah,89594-2605,212.443.5105
ljwboc57,Conrad,Wilbert,Brekke,Erica_Rice@yahoo.com,1980-03-22,38,male,inactive,0,,8004 Goyette Skyway,Gerardoburgh,California,49693-3306,368-715-2522
0cw6ea53,Zion,Diamond,Greenfelder,Kevon_Hermiston@yahoo.com,1989-11-14,28,female,inactive,0,,67300 Furman Road,East Emmanuellefurt,Ohio,58697,390.303.4157 x085
9sgz2p20,Justice,Octavia,Wyman,Horace_Becker@yahoo.com,2016-10-22,1,male,active,1,2018-03-09T18:36:54.700Z,9167 Ziemann Heights,O'Haratown,Arkansas,40397-3340,1-033-427-3365 x2187
o164vecg,Cordia,Willa,Predovic,Vicente0@yahoo.com,1986-12-08,31,male,active,1,2017-10-19T14:22:00.501Z,5984 Stanley Grove,South Vivaview,Maryland,27527,747.482.7968 x9454
rxqvr72f,Beatrice,Margarett,Vandervort,Casper71@gmail.com,2018-01-11,0,female,active,0,,15276 Hailey Gateway,South Maegan,New Jersey,73427,(958) 870-7288
ys9lyd7u,Yadira,Vicky,Yost,Marilie.Franecki@hotmail.com,1991-03-12,27,female,active,0,,57480 Mafalda Estate,South Savion,Vermont,45414,600-977-9814
otepmfje,Sterling,Brenna,Dibbert,Madeline.Jenkins47@hotmail.com,1977-12-27,40,male,active,0,,8267 Rice Haven,South Stewartbury,New Mexico,82879-5900,964-646-5225 x824
yhmw2mi7,Alessandra,Wilson,Fritsch,Willis.Pfeffer@yahoo.com,1975-06-08,42,male,active,1,2018-05-06T13:59:37.800Z,3940 Loy Walks,North Robyn,Indiana,59194-3159,302.579.3064 x20679
